source,program_title,link,sponsor,institution,fields,main_field,deadline,university,program_type,publication_date
predoc,Research Associates,https://bit.ly/3Xhfcvq,N/A,N/A,"Education, Finance, Labor, Macro, Public Policy, and Urban","Finance, Public Policy","Rolling In addition to a multi-institutional job pool, this website also provides general information about opportunities within the Federal Reserve System as well as up-to-date information re specific openings.",N/A,N/A,N/A
predoc,Pre-Doctoral Positions,https://bit.ly/3CM4IxV,Abhishek Nagaraj (UC Berkeley) and Matteo Tranchero (Penn),UC Berkeley’s Haas School of Business; Wharton School of the University of Pennsylvania,"Applied economics, innovation, entrepreneurship, data science and tech innovation",Economics,Rolling,N/A,N/A,N/A
predoc,Pre-Doctoral Technical Associate,https://bit.ly/4hBFgtU,N/A,N/A,N/A,N/A,N/A,N/A,N/A,N/A
predoc,Pre-Doctoral Technical Associate,https://bit.ly/4er9iOY,N/A,N/A,N/A,N/A,N/A,N/A,N/A,N/A
predoc,Pre-Doctoral Research Associate in Economics,https://bit.ly/4jQlfBs,Matthew Pecenco,Brown University,"Labor, Crime, Housing",Economics,Applications will be accepted and reviewed on a rolling basis.,N/A,N/A,N/A
predoc,Full-Time Research Assistant,https://bit.ly/4hwY3a0,Matthew Baron,National Bureau of Economic Research,"Banking, Financial Crises, Financial History",N/A,Rolling,N/A,N/A,N/A
predoc,Pre-Doctoral Fellowship,https://bit.ly/3WXU7GY,Hans-Joachim Voth,University of Zurich,"Economic History, Political Economy, Cultural Economics",Economics,Applications will be reviewed immediately and are welcome until all positions are filled.,N/A,N/A,N/A
predoc,Research Professional in Accounting,https://bit.ly/4hyJouK,Professor Philip Berger,The University of Chicago Booth School of Business,"Accounting, corporate finance, and labor economics.","Economics, Finance","Applications are reviewed on a rolling basis; the initial full review will be March 15, 2025.",N/A,N/A,N/A
predoc,Research Professional in Marketing,https://bit.ly/3Eupeng,Professor Andreas Kraft,University of Chicago Booth School of Business,N/A,N/A,N/A,N/A,N/A,N/A
predoc,Research Professional in Behavioral Science,https://bit.ly/3QkttnL,Professor Alexander Todorov,University of Chicago Booth School of Business,Behavioral Science,N/A,"Applications are reviewed on a rolling basis; the initial full review will be March 1, 2025.",N/A,N/A,N/A
predoc,Full-Time Research Specialist,https://bit.ly/41c0HfB,N/A,"Crockett Lab, Princeton's Department of Psychology and University Center for Human Values","Psychology, cognitive science, computational social science, data science, and related fields. Project Scope: The Research Specialist will contribute to research projects investigating transformative experience, identity change, and empathy in the digital age.",N/A,"Applications will go under review starting February 14th, rolling afterward.",N/A,N/A,N/A
predoc,Pre-Doctoral Fellowship in Applied Economics,https://bit.ly/4jMh0XH,"Profs. Nate Baum-Snow, Victor Couture, and Stephan Heblich","Department of Economics and Rotman School of Management, University of Toronto",N/A,Economics,N/A,N/A,N/A,N/A
predoc,Pre-Doctoral Research Fellow,https://bit.ly/40MdGDf,Dr. John M. Griffin (McCombs School of Business),Integra FEC,"Finance, CMBS, Economics, Cryptocurrency, & Fraud Analytics","Economics, Finance",04/04/2025,N/A,N/A,N/A
predoc,Pre-Doctoral Research Associate,https://bit.ly/4jHBP6J,Paul A. Gompers,Harvard Business School,Entrepreneurship and Finance,Finance,Applications will be accepted and reviewed on a rolling basis.,N/A,N/A,N/A
predoc,Pre-Doctoral Fellow,https://bit.ly/3CtAoIk,Reed Walker (Business & Public Policy),The Center for Effective Global Action (CEGA) and the Opportunity Lab at UC Berkeley,"Energy and Environmental Economics; Labor Economics; Public Economics First Review: February 18, 2025",Economics,"March 24, 2025",N/A,N/A,N/A
predoc,Research Professional,https://bit.ly/40OKNWZ,Kawin Ethayarajh,The University of Chicago Booth School of Business,"Microeconomics, Data Science and Tech Innovation, AI and Machine Learning","Economics, Microeconomics","March 31, then rolling",N/A,N/A,N/A
predoc,Pre-Doctoral Research Specialist,https://bit.ly/42LNHhR,N/A,N/A,N/A,N/A,N/A,N/A,N/A,N/A
predoc,Pre-Doctoral Researcher,https://bit.ly/4jMRAZW,Prof. Nina Roussille,Massachusetts Institute of Technology,"Research in labor economics on the determinants of imperfect competition, gender and racial inequality, as well as the role of information frictions in generating income inequality.",Economics,"Rolling Start Date: June 1st, 2025. Job ID: #24818",N/A,N/A,N/A
predoc,Research Professional,https://bit.ly/40POY4Y,Christopher Stewart,The University of Chicago Booth School of Business,Accounting,N/A,"Rolling review, initial full review March 1st",N/A,N/A,N/A
predoc,Research Professional,https://bit.ly/40M5pz6,Quentin Vandeweyer and Anthony Lee Zhang,The University of Chicago Booth School of Business,"Microeconomics, Finance, Economic Theory, Structural Estimation","Economics, Microeconomics, Finance","February 28, then rolling",N/A,N/A,N/A
predoc,Pre-Doctoral Fellowship,https://bit.ly/4gLIhXH,Professor Amanda Pallais,N/A,N/A,N/A,Applications will be accepted and reviewed on a rolling basis.,N/A,N/A,N/A
predoc,Pre-Doctoral Fellowship,https://bit.ly/3ErL6Q3,Economics professor Stefanie Stantcheva,"Social Economics Lab , Harvard University","Public economics, with a particular focus on taxation, innovation, and people’s attitudes towards public policies.",Economics,Applications will be evaluated on a rolling basis until the position is filled. Visa Sponsorship: Available,N/A,N/A,N/A
predoc,Pre-Doctoral Fellow,https://bit.ly/4hlbauQ,Professors Lisa B. Kahn and Ronni Pavan,University of Rochester; Census Research Data Center,Labor and urban economics.,Economics,"Review of applications will begin on March 1 2025, with rolling reviews until the position is filled.",N/A,N/A,N/A
predoc,Research Professional-Climate Impact Lab,https://bit.ly/4jIvasG,N/A,N/A,N/A,N/A,N/A,N/A,N/A,N/A
predoc,Research Fellow,https://bit.ly/4hcRgC2,Research Fellow,Centre for the Governance of AI,"AI regulation, international governance, technical AI governance, economics of AI, AI risk assessment and forecasting",Economics,Sunday 16 February,N/A,N/A,N/A
predoc,Research Scholar,https://bit.ly/4hcRgC2,Research Scholar,Centre for the Governance of AI,"AI regulation, international governance, technical AI governance, economics of AI, AI risk assessment and forecasting.",Economics,Sunday 16 February,N/A,N/A,N/A
predoc,Research Analyst,https://bit.ly/40z56aO,Dean Karlan; Christopher Udry,"Global Poverty Research Lab, Northwestern University",Development Economics,Economics,2/14/25,N/A,N/A,N/A
predoc,Pre-Doctoral Research Associate in Economics,https://bit.ly/3WHhxA6,Professor David Dorn,The Department of Economics of the University of Zurich,Labor Economics,Economics,28 February 2025,N/A,N/A,N/A
predoc,Pre-doctoral Research Assistant,https://bit.ly/3CmoZK9,Assistant Professor Amanda Dahlstrand,The University of Zurich,The research assistant will assist in research projects that study health care provision and the role of digitization.,N/A,"February 14, 2025. Location: Stockholm, Sweden",N/A,N/A,N/A
predoc,Research Professional,https://bit.ly/42mLf1b,Professor Christopher Blattman,"BFI’s Development Economics Initiative, The Becker Friedman Institute for Economics at the University of Chicago","Violence prevention, the economics of organized crime, and other topics on the intersection of development economics and political economy.",Economics,Rolling,N/A,N/A,N/A
predoc,Research Professional,https://bit.ly/4htFJhk,N/A,N/A,N/A,N/A,N/A,N/A,N/A,N/A
predoc,Kabir Banerjee Pre-Doctoral Fellowship,https://bit.ly/4juabdh,N/A,The Weiss Fund for Research in Development Economics,The Weiss Fund for Research in Development Economics supports innovative research projects that aim to improve the lives of people living in developing countries.,Economics,"The application deadline is January 31st, 2025 EOD Central Time.",N/A,N/A,N/A
predoc,Pre-Doctoral Research Associate,https://bit.ly/4atRIJt,Dan Garrett and Marius Guenzel,"The Wharton School, University of Pennsylvania",Finance,Finance,Rolling with First Review Date in early February,N/A,N/A,N/A
predoc,Research Assistant III,https://bit.ly/40ImZVS,Nicole Maestas,Harvard Medical School,"Health, Labor, Economics",Economics,Applications reviewed on a rolling basis.,N/A,N/A,N/A
predoc,Pre-Doctoral Fellow,https://bit.ly/42mCkN2,Bruce D. Meyer,N/A,N/A,N/A,Applications will be reviewed on a rolling basis,N/A,N/A,N/A
predoc,"Research Assistant-Exploring Economics of Technological Progress, Innovation, and Artificial Intelligence",https://bit.ly/40rs6Z7,"Danial Lashkari, Neil Thompson",MIT FutureTech at MIT Sloan,"Innovation and Technical Growth, Macroeconomics, Econometrics, Data Science","Economics, Macroeconomics",Rolling,N/A,N/A,N/A
predoc,Pre-Doctoral Research Associate,https://bit.ly/40B8Iuc,"Amy W. Huber, Karen K. Lewis, and Yao Zeng",N/A,N/A,N/A,Rolling with First Review Date in early February,N/A,N/A,N/A
predoc,Full-Time Research Assistant,https://bit.ly/42oC2Wd,Yueran Ma,N/A,N/A,N/A,Rolling,N/A,N/A,N/A
predoc,Predoctoral Fellow,https://bit.ly/48DPIgc,N/A,Opportunity Insights,"Economics, Public Economics, Big Data, Statistics, Economics Mobility, Labor Markets, Econometrics, Education, Social Capital",Economics,"February 11, 2025",N/A,N/A,N/A
predoc,Junior Research Scientist,https://bit.ly/3C4DsdD,Johannes Stroebel and Theresa Kuchler,"Stern School of Business, New York University","Economics, Finance","Economics, Finance",Rolling,N/A,N/A,N/A
predoc,Lab Manager/Research Assistant,https://bit.ly/40fXIkD,N/A,N/A,"Behavioral Science, Mental Health, Social Neuroscience, Computational Neuroscience.",N/A,Ongoing.,N/A,N/A,N/A
predoc,Research Data Analyst (Pre-Doctoral),https://bit.ly/3WfDMwM,Ulrike Malmendier,"UC Berkeley, O'Donnell Center for Behavioral Economics (Haas School of Business & Department of Economics)","Applied Microeconomics, Behavioral Economics, Behavioral Finance, Macro-Finance, Labor, Health","Economics, Microeconomics, Finance",Rolling. Early applications are encouraged. Job ID: #75137,N/A,N/A,N/A
predoc,Pre-Doctoral Research Assistant,https://bit.ly/4gSNIVh,Davide Cantoni and Claudia Steinwender,Ludwig-Maximilians-University Munich,"Economics, Economic History, Applied Economics",Economics,Rolling,N/A,N/A,N/A
predoc,Pre-Doctoral Research Associates,https://bit.ly/4hhX1xR,N/A,Harvard Business School,"Strategy, Finance, Entrepreneurial Management, Technology and Operations Management, Organizations and Markets, Organizational Behavior, Marketing, or Accounting",Finance,Rolling,N/A,N/A,N/A
predoc,Research Associate-Junior Professional Researcher Program,https://bit.ly/40vuEXH,N/A,N/A,N/A,N/A,"Feb 02, 2025 at 11:59 PM Eastern Time",N/A,N/A,N/A
predoc,Pre-Doctoral Research Fellow in Financial Economics,https://bit.ly/4abwboO,Gordon Phillips and Franz Hinzen,N/A,N/A,Economics,Rolling,N/A,N/A,N/A
predoc,Research Assistant in Economics,https://bit.ly/4j72465,Arash Nekoei and Josef Sigurdsson,N/A,N/A,Economics,2025/1/17,N/A,N/A,N/A
predoc,Research Assistants,https://bit.ly/4g49CnD,N/A,Federal Reserve Bank of Philadelphia,"Economics, monetary policy, econometrics and statistics",Economics,"Apply by May 15, 2024.",N/A,N/A,N/A
predoc,Research Assistant,https://bit.ly/3DKdbBP,Institute Director and associated economists,"The Opportunity and Inclusive Growth Institute, Federal Reserve Bank of Minneapolis","Economic opportunity and inclusive growth, econometrics and statistics",N/A,Late winter or early spring,N/A,N/A,N/A
predoc,Research Associate,https://bit.ly/4iB88Uh,N/A,The Indian School of Business (ISB) Sponsoring Researcher(s): Professor Sabareesh Ramachandran,"Economics and Public Policy Project Scope: Professor Sabareesh's research focuses on identifying ways governments should best allocate resources to improve welfare outcomes like education, health, and social protection.","Economics, Public Policy",Rolling. Early applications are encouraged.,N/A,N/A,N/A
predoc,Empirical Research Fellow,https://bit.ly/3CjUYdD,Dashun Wang,"Kellogg School of Management, Northwestern University","Computational social science, network analysis, metascience",N/A,"Apply by February 7, 2025",N/A,N/A,N/A
predoc,Pre-Doctoral Research Specialist,https://bit.ly/3We19ai,N/A,"Wharton School of Business, The University of Pennsylvania",AI; Education; Machine Learning Project Scope: The Pre-Doctoral Research Specialist will conduct research on two main projects - understanding impact of AI on human interactions and impact of smartphone bans on educational outcomes.,N/A,Rolling,N/A,N/A,N/A
predoc,Research Coordinator,https://bit.ly/3DOJ2Bq,LGBTQI+ and Neurodiversity Research Program,Children's National Hospital,LGBTQIA+ Neurodiversity,N/A,Rolling,N/A,N/A,N/A
predoc,CSAP Predoc: Domestic and Foreign Politics of China,https://bit.ly/3DXyAaw,Daniel Mattingly,N/A,N/A,N/A,Rolling,N/A,N/A,N/A
predoc,Predoctoral Research Associate,https://bit.ly/3C1jQae,Finance unit,Harvard Business School,N/A,N/A,N/A,N/A,N/A,N/A
predoc,Predoctoral Research Associate,https://bit.ly/4h2klj8,N/A,Harvard Business School (HBS),"Design and management of negotiations, organizations, and markets.",N/A,Rolling,N/A,N/A,N/A
predoc,Predoctoral Research Associate,https://bit.ly/4fTwIwN,Aliya Korganbekova and Jungkoo Kang,Harvard Business School,"Alternative/big data, corporate social responsibility, and corporate finance",Finance,Applications will be considered on a rolling basis.,N/A,N/A,N/A
predoc,Predoctoral Research Associate,https://bit.ly/4j7fVsZ,Bill Kerr,N/A,N/A,N/A,"The recruiting process is rolling. Applications will be reviewed as they are received, now through spring 2025.",N/A,N/A,N/A
predoc,Predoctoral Research Associate,https://bit.ly/3PoCBau,N/A,"Accounting and Management Unit,, Harvard Business School",N/A,N/A,N/A,N/A,N/A,N/A
predoc,Full-Time Research Assistant in Health Economics and Econometrics,https://bit.ly/42PfuMk,Professors Amanda Kowalski (Michigan) and David Chan (Stanford),"University of Michigan in Ann Arbor Project Title: “Equality vs. Equity by Social Vulnerability, Race, and Ethnicity: Evidence from Randomized and Targeted COVID-19 Vaccine Invitations.”",Health Economics; Statistics and Econometrics,Economics,Applications will be considered on a rolling basis.,N/A,N/A,N/A
predoc,Pre-Doctoral Research Fellow/Researcher,https://bit.ly/3ZM0CNC,Andrew Scott,N/A,N/A,N/A,Rolling,N/A,N/A,N/A
predoc,Research Professional,https://bit.ly/3ZJfqMU,N/A,N/A,N/A,N/A,N/A,N/A,N/A,N/A
predoc,Empirical Research Fellow,https://bit.ly/40B7pMh,N/A,"Kellogg School of Management, Northwestern University","Quantitative Marketing, Machine Learning, Search",N/A,12/31/2024,N/A,N/A,N/A
predoc,Junior Research Scientist,https://bit.ly/4gxyqF9,"Robert Richmond, Toomas Laarits",NYU Stern School of Business,N/A,N/A,N/A,N/A,N/A,N/A
predoc,Predoctoral Research Fellow Opportunity,https://bit.ly/4dgHTQ0,Professor Will Dobbie (Harvard Kennedy School) and Professor Crystal Yang (Harvard Law School),"Malcolm Wiener Center for Social Policy, Harvard Kennedy School","Race, discrimination, criminal justice system, and algorithms",Discrimination,Rolling,N/A,N/A,N/A
predoc,Empirical Research Fellow,https://bit.ly/40B7pMh,"Tom Hagenberg, Jung Min Kim, Fabian Nagel, Georg Rickmann","Kellogg School of Management, Northwestern University","Accounting, information disclosures, credit markets",N/A,December 31,N/A,N/A,N/A
predoc,Full-Time Research Assistant,https://bit.ly/3D1MPLc,N/A,N/A,N/A,N/A,N/A,N/A,N/A,N/A
predoc,Empirical Research Fellow,https://bit.ly/40B7pMh,Maria Ibañez,"Kellogg School of Management, Northwestern University","Operations management, labor, health operations",N/A,December 31,N/A,N/A,N/A
predoc,Pre-Doctoral Fellow/Research Technician,https://bit.ly/3ZIZXOl,"Sam Norris, Katherine Wagner, Réka Juhász, Gorkem Bostanci, and others","Vancouver School of Economics, University of British Columbia",N/A,Economics,N/A,N/A,N/A,N/A
predoc,Pre-Doctoral Research Associate,https://bit.ly/41qvHcl,Professor Ebehi Iyoha,Harvard Business School (HBS),Research projects are related to international trade and draw heavily on applied econometrics and microeconomic theory.,N/A,"The recruiting process is rolling. Applications will be reviewed as they are received, now through spring 2025.",N/A,N/A,N/A
predoc,Research Assistants,https://bit.ly/3ZjsF70,Dr Chris Colvin and Professor John Turner,"Centre for Economics, Policy and History at Queen’s University Belfast",Economic History,Economics,6 January 2025,N/A,N/A,N/A
predoc,Pre-Doctoral Research Associate,https://bit.ly/3ZB5pTi,"Ben Castleman, Tim Layton, Andrew Simon, Sebastian Tello-Trillo, Derek Wu","University of Virginia, Batten School of Leadership and Public Policy","Public Economics, Economics of Education, Health Economics, Social Insurance","Economics, Public Policy","January 6, 2025",N/A,N/A,N/A
predoc,Pre-Doctoral Research Associate,https://bit.ly/3ZDMU0z,Professor Ray Kluender,Harvard Business School,"Household finance, public economics, and entrepreneurship","Economics, Finance","Rolling Start Date: July 1st, 2025.",N/A,N/A,N/A
predoc,"Pre-Doctoral Fellowship in Applied Microeconomics: Education, Governance, and Migration",https://bit.ly/49oY4JB,Profs. Ceren Baysan and Román Andrés Zárate,"Forward Society Lab, Department of Economics, University of Toronto","Education, Political Economy, Migration","Economics, Microeconomics",Rolling. Apply ASAP for early review.,N/A,N/A,N/A
predoc,Pre-Doctoral Researcher-Technical Associate,https://bit.ly/3B7yo7P,"Namrata Kala, Alexey Makarin, Benjamin Vatter, and Catherine Wolfram",MIT Sloan School of Management,Applied Microeconomics,"Economics, Microeconomics",Applications will be considered on a rolling basis.,N/A,N/A,N/A
predoc,Empirical Research Fellow,https://bit.ly/40B7pMh,N/A,N/A,N/A,N/A,12/31/2024,N/A,N/A,N/A
predoc,Pre-Doctoral Fellow,https://bit.ly/3YZUgtO,Jonathan Colmer and Jay Shimshack,University of Virginia/The Environmental Inequality Lab,Environmental Economics,Economics,12/1/2024,N/A,N/A,N/A
predoc,Pre-Doctoral Fellowship,https://bit.ly/3ZjUaOU,Professor Gabriel Kreindler,Harvard University,"Urban, spatial and development economics",Economics,Applications will be accepted and reviewed on a rolling basis.,N/A,N/A,N/A
predoc,Research Professional,https://bit.ly/3YY44UV,Matthew Notowidigdo and Heather Sarsons,N/A,N/A,N/A,"First review on December 13, 2024, then rolling",N/A,N/A,N/A
predoc,Pre-Doctoral Fellowship in Behavioral-Economic Theory,https://bit.ly/4fCW3vS,Professor Matthew Rabin,Harvard University,Psychology; Economics,Economics,"Applications will be accepted and reviewed on a rolling basis. The position is ideal for candidates interested in pursuing PhD studies in Economics, particularly those with an interest in psychologically-grounded economic theory.",N/A,N/A,N/A
predoc,Empirical Research Fellow,https://bit.ly/40B7pMh,Klaus Weber,"Kellogg School of Management, Northwestern University","Computational sociology, linguistics, organizational behavior, sustainability",N/A,December 31,N/A,N/A,N/A
predoc,Pre-Doc Research Analyst,https://bit.ly/4df8Kf4,"Joseph Gyourko, Gilles Duranton, Todd Sinai, Fernando Ferreira, Maisy Wong, Ben Keys, Jessie Handbury, Nina Harari, Sophie Calder-Wang",Wharton Real Estate Center,"Applied Microeconomics, real estate, urban economics, household finance, public finance, industrial organization, development","Economics, Microeconomics, Industrial Organization, Finance",Rolling Reference #: JR00094334,N/A,N/A,N/A
predoc,Pre-Doc Research Analyst,https://bit.ly/3XkpGu1,"Joseph Gyourko, Maisy Wong, Gilles Duranton, Jessie Handbury","Zell/Lurie Real Estate Center at the Wharton School of Business, University of Pennslyvania",N/A,N/A,N/A,N/A,N/A,N/A
predoc,Junior Research Scientist,https://bit.ly/3CEwfB2,"Sinja Leonelli, Irina Luneva, Gurpal Sran, and Aleksander Aleszczyk",NYU Stern School of Business,Accounting,N/A,"Applications are invited on a rolling basis until December 31, 2024.",N/A,N/A,N/A
predoc,Research Analyst Program (Potential PhD Funding),https://bit.ly/4fW9yql,N/A,International Monetary Fund and Japan-IMF scholarship,"Macroeconomics, International Economics, Data Science and Tech Innovation, Finance, Labor, Political Economy, Public Economics, Public Policy, Statistics and Econometrics, Urban","Economics, Macroeconomics, Finance, Public Policy",Rolling PhD Funding: Ph.D. funding is potentially available for Japanese nationals only,N/A,N/A,N/A
predoc,Pre-Doctoral Research Fellow,https://bit.ly/4eE1auv,Professors Stefanie Deluca and Nick Papageorge,Poverty and Inequality Research Lab at Johns Hopkins University,Sociology and Economics,Economics,"December 2, 2024 Position Overview",N/A,N/A,N/A
predoc,Research Data Analyst Associate,https://bit.ly/3YUk8XI,Charles Manski,"Northwestern University, Department of Economics","Economics, Health",Economics,Rolling,N/A,N/A,N/A
predoc,Research Associate,https://bit.ly/3YHu7iY,"Gideon Bornstein, Sasha Indarte, Sergio Salgado",Wharton School/University of Pennsylvania,"Macroeconomics, household finance and inequality","Economics, Macroeconomics, Finance","Applications received by November 26, 2024 will be given priority.",N/A,N/A,N/A
predoc,Pre-Doctoral Research Fellow,https://bit.ly/3YQlUcl,Elaine Hill,University of Rochester Health and Environmental Economics Lab,N/A,Economics,N/A,N/A,N/A,N/A
predoc,Pre-Doctoral Research Assistant,https://bit.ly/3At5Qp4,Research Department,International Monetary Fund,"Macroeconomics, Finance, Public Economics","Economics, Macroeconomics, Finance",20 November 2024,N/A,N/A,N/A
predoc,Pre-Doctoral Research Fellow,https://bit.ly/3CjDzlr,Azeem Shaikh and Max Tabord-Meehan,N/A,N/A,N/A,Rolling,N/A,N/A,N/A
predoc,Pre-Doctoral Professional,https://bit.ly/4fGSBQC,Professors Elisa Jácome and Silvia Vannutelli,"Department of Economics, Northwestern University","Labor economics, public economics, applied microeconomics, economic history, mobility and inequality, socio-political analyses","Economics, Microeconomics",Applications will be accepted on a rolling basis.,N/A,N/A,N/A
predoc,Staff Associate I,https://bit.ly/3AgUsw8,"Michael Best, Haoge Chang, Jonathan Dingel, Gautam Gowrisankaran, Sebastian Otero, Pietro Tebaldi, Tatiana Mocanu and Hugo Lhuillier","The Program for Economic Research (PER), Columbia University","Development, Econometrics, Energy, Environmental, Health, Public Economics, Industrial Organization, International Economics, Labor, and Urban","Economics, Industrial Organization","January 28, 2025",N/A,N/A,N/A
predoc,Empirical Research Fellows,https://bit.ly/40B7pMh,Anna Tuchman and Caio Waisman,"Kellogg School of Management, Northwestern University","Quantitative marketing, Applied microeconomics, policy analysis, machine learning","Economics, Microeconomics","December 31, 2024 (full consideration)",N/A,N/A,N/A
predoc,Pre-Doctoral Research Fellow,https://stanford.io/4hF4vMG,Daniel E. Ho,"Stanford University, Regulation, Evaluation, & Governance Lab","Computer Science, Data Science, Statistics, Mathematics, Engineering, Economics, Public Policy","Economics, Public Policy","First round December 2, 2024, second round January 6, 2025",N/A,N/A,N/A
predoc,"Research Assistant, Center on Opportunity and Social Mobility",https://bit.ly/4feDBJB,"Kevin Corinth, Angela Rachidi, and Scott Winship",The American Enterprise Institute’s Center on Opportunity and Social Mobility (COSM),"The research assistant will conduct extensive research on US safety-net programs, food insecurity, social capital, and intergenerational mobility, among other topics.",N/A,Rolling,N/A,N/A,N/A
predoc,Pre-Doctoral Research Fellow,https://stanford.io/4foPOLA,N/A,Stanford King Center on Global Development,"Development, Political Economy, Environmental, Data Science and Tech Innovation",N/A,"January 5, 2025",N/A,N/A,N/A
predoc,"Research Assistant, Economic Policy Studies",https://bit.ly/3AuNN1t,"Alex Brill, Kyle Pomerleau, Steven Kamin, and Sita Slavov",The American Enterprise Institute (AEI),"Tax policy, public finance, and international macroeconomics","Economics, Macroeconomics, Finance",Rolling – position will start in summer 2025,N/A,N/A,N/A
predoc,Pre-Doctoral Research Fellows,https://bit.ly/3Ydu2EL,"Ran Abramitzky, Lukas, Althoff, Adrien Bilal, Nicholas Bloom, Michael Boskin, Ignacio Cuesta, Omer Karaduman, Benny Kleinman, Rebecca Lester, Neale Mahoney, Melanie Morten, Amit Seru, Alessandra Voena, Shoshana Vasserman",N/A,N/A,N/A,N/A,N/A,N/A,N/A
predoc,Full-Time Research Assistant,https://bit.ly/40m50oq,Ellora Derenoncourt,National Bureau of Economic Research,Labor Economics,Economics,"Rolling applicant reviews begin on October 22, 2024, and continue until the post is filled. Term: 6 month position",N/A,N/A,N/A
predoc,Research Associate,https://bit.ly/4ejNxR7,"Manuel Adelino, Anna Cieslak, Nuno Clara, Paymon Khorrami, Arthur Taburet, Joao Thereze and Melanie Wallskog",N/A,N/A,N/A,January 31st,N/A,N/A,N/A
predoc,2025 Full-Time Research Assistant,https://bit.ly/4fgHzRD,"Professors Amir Kermani, Olivia Bordeu, Antoine Levy, and Laura Weiwu","University of California, Berkeley","Urban economics, trade and spatial, labor economics, public finance, and applied microeconomics.","Economics, Microeconomics, Finance",Rolling,N/A,N/A,N/A
predoc,Staff Associate-Paul Milstein Center for Real Estate,https://bit.ly/3Ylg42J,Paul Milstein Center for Real Estate,Columbia Business School,Finance,Finance,Rolling deadline,N/A,N/A,N/A
predoc,Staff Associate-Finance,https://bit.ly/48gDYAV,Finance Department,Columbia Business School,Finance,Finance,Rolling deadline,N/A,N/A,N/A
predoc,Staff Associate II,https://bit.ly/3YgEoCP,Accounting Division,Columbia Business School,"Accounting Start Date: July 1, 2025",N/A,Applications will be reviewed on a rolling basis,N/A,N/A,N/A
predoc,Research Professional-Development Innovation Lab,https://bit.ly/3zTNcq9,Professor Michael Kremer,The Development Innovation Lab (DIL) at the University of Chicago,Development economics,Economics,Rolling,N/A,N/A,N/A
predoc,Research Specialist,https://bit.ly/3Yc0aY3,"Adam Chilton, Howard G. Krane Professor of Law and the Walter Mander Research Scholar",N/A,N/A,N/A,Applications reviewed on a rolling basis.,N/A,N/A,N/A
predoc,Research Professional,https://bit.ly/3UcTGr4,N/A,N/A,N/A,N/A,N/A,N/A,N/A,N/A
predoc,Research Specialist,https://bit.ly/4h5jQWh,"Jacob Goldin, Richard M. Lipton Professor of Tax Law","Coase-Sandor Institute for Law & Economics, University of Chicago Law School",N/A,Economics,N/A,N/A,N/A,N/A
predoc,Pre-Doctoral Research Fellow in Environmental Economics,https://bit.ly/4eKVu2G,"Ishan Nath, Anna Russo, Wolfram Schlenker, Charles Taylor",Harvard University,"Research areas will include environmental economics, geospatial data, agricultural economics, industrial organization, international trade, economic growth, and development.","Economics, Industrial Organization",October 31st,N/A,N/A,N/A
predoc,Pre-Doctoral Research Fellow,https://stanford.io/4fiHcpV,David Chan (moving from Stanford to Berkeley),"University of California, Berkeley","Health Economics, Applied Microeconomics","Economics, Microeconomics",Rolling,N/A,N/A,N/A
predoc,Research Associate,https://bit.ly/3NqDOgv,Jonathan Weigel and Augustin Bergeron,UC Berkeley and Harvard University,"Development Economics, Political Economy, Public Finance","Economics, Finance",Rolling,N/A,N/A,N/A
predoc,Research Analyst,https://bit.ly/406B3Zo,The Research Department,Federal Reserve Bank of Cleveland,"Economics, econometrics or statistics, and finance","Economics, Finance","Applications will be considered on a rolling basis, but interested individuals are strongly encouraged to apply no later than October 21, 2024.",N/A,N/A,N/A
predoc,Empirical Research Fellows,https://bit.ly/3Y5vmsc,N/A,N/A,"Applied microeconomics, labor economics, industrial organization, innovation, organizational economics","Economics, Microeconomics, Industrial Organization",Rolling,N/A,N/A,N/A
predoc,Research Analyst under the Research Analyst Program (RAP),https://bit.ly/4f2ipGs,N/A,International Monetary Fund,"Economics, Finance, Statistics, Mathematics, Computer Science, Data Science","Economics, Finance","January 6, 2025",N/A,N/A,N/A
predoc,Research Assistants,https://bit.ly/4dItRWr,N/A,Federal Reserve Bank of Dallas,"Economics, statistics, econometrics",Economics,Applications are reviewed on a rolling basis,N/A,N/A,N/A
predoc,Full-Time Research Professionals (Pre-Doc),https://bit.ly/401DgWa,N/A,N/A,Financial Economics,Economics,Applications will be evaluated on a rolling basis,N/A,N/A,N/A
predoc,Research Professional,https://bit.ly/3NiWcId,"Professor Joshua Gottlieb (UChicago Harris School), Professor Matt Notowidigdo (Chicago Booth), Professor Zarek Brot-Goldberg (UChicago Harris School), and Professor Maggie Shi (UChicago Harris School)",N/A,N/A,N/A,"Rolling Expected Start Date: July 1, 2025",N/A,N/A,N/A
predoc,Pre-Doctoral Research Analyst,https://bit.ly/3Y6BwZc,Judd Kessler and Corinne Low,University of Pennsylvania (The Wharton School),"Labor, Gender and Experimental Economics",Economics,Rolling,N/A,N/A,N/A
predoc,Pre-Doctoral Research Analyst,https://bit.ly/3Y6BwZc,Ben Lockwood and Alex Rees-Jones,University of Pennsylvania (The Wharton School),Public and Behavioral Economics,Economics,Applications will be accepted on a rolling basis.,N/A,N/A,N/A
predoc,Tobin Pre-Doctoral Fellowship,https://bit.ly/3ZY6u8m,"Orazio Attanasio, Steven Berry, Cody Cook, Zack Cooper, Janet Currie, Eduardo Dávila, Ana De La O, John Eric Humphries, Zachary Liscow, Song Ma, Cormac O'Dea, Rohini Pande, Winnie van Dijk, Kevin Williams",Tobin Center and Department of Economics at Yale University,"Applied Microeconomics, Development Economics, Economic Theory, Economics of Education, Health Economics, Financial Economics, Industrial Organization, Labor Economics, Law and Economics, Macroeconomics, Monetary Economics, Public Economics, Urban Economics","Economics, Macroeconomics, Microeconomics, Industrial Organization",Rolling,N/A,N/A,N/A
predoc,Research Associate (Pre-doc),https://bit.ly/47UHvEW,Erica Field,"Duke Development Economics Lab (DevLab@Duke), Department of Economics at Duke University",Applied experimental micro-economic development research; public policy,"Economics, Public Policy","The deadline is rolling, but hiring for summer 2025 with the specific date flexible for the selected candidate’s availability. Visa: Duke can provide visa sponsorship.",N/A,N/A,N/A
predoc,General Data Research Associate,https://bit.ly/3TKyxnR,N/A,N/A,N/A,N/A,"January 13, 2025 Early launch for General Data Research Associate  and General Field Research Associate positions: September 9 through October 4, 2024; Full launch opens for all positions: November 25, 2024",N/A,N/A,N/A
predoc,Applied Machine Learning Pre-Doctoral Research Professional,https://bit.ly/4dEBTjr,N/A,Center for Applied Artificial Intelligence at Chicago Booth,Applied Machine Learning; AI,N/A,"October 11, 2024",N/A,N/A,N/A
predoc,Research Associate,https://bit.ly/4eEfxiD,Max Miller,Harvard Business School,"Finance, macroeconomics, and political economy","Economics, Macroeconomics, Finance",Rolling,N/A,N/A,N/A
predoc,Research Associate,https://bit.ly/4dvgw40,N/A,"Harvard Kennedy School, The People Lab","Statistical analysis, anti-poverty, economics, public policy","Economics, Public Policy",Rolling,N/A,N/A,N/A
predoc,Research Coordinator,https://bit.ly/3XFgNLt,Angela Duckworth & Katy Milkman,"Behavior Change for Good Initiative, The University of Pennsylvania","Behavioral Science, Education, Health, Statistics and Econometrics",N/A,Rolling,N/A,N/A,N/A
predoc,Empirical Research Fellowships (2025-2026),https://stanford.io/2ZemVQw,John J. Donohue,Stanford Law School,"Crime Economics, Law and Economics, Public Policy","Economics, Public Policy","Applications are reviewed on a rolling basis and accepted with priority until October 21st, 2024.",N/A,N/A,N/A
predoc,Research Professional,https://bit.ly/4gyBLED,Luigi Zingales,"The University of Chicago Booth School of Business, Stigler Center","Political Economy, Finance, Public Policy","Finance, Public Policy","First review October 4, rolling thereafter",N/A,N/A,N/A
predoc,Research Analyst,https://bit.ly/4ebW1uf,N/A,N/A,N/A,N/A,N/A,N/A,N/A,N/A
predoc,"Research Professional, Market Shaping Accelerator",https://bit.ly/3XhP4k0,Michael Kremer,"University of Chicago, Market Shaping Accelerator","Microeconomics, economics of innovation, industrial organization, public policy,  pandemic preparedness, climate, market shaping","Economics, Microeconomics, Industrial Organization, Public Policy","First review, October 7; rolling thereafter",N/A,N/A,N/A
predoc,Empirical Research Fellow,https://bit.ly/3ilyU5m,"David Matsa, Jacopo Ponticelli, Sean Higgins, Filippo Mezzanotti, Carola Frydman, etc.","Finance Department, Kellogg School of Management, Northwestern University",Finance,Finance,"We will review applications on a rolling basis, with a target initial review on September 30, 2024.",N/A,N/A,N/A
predoc,Bayesian Research Analyst,https://bit.ly/3XOeQ0C,Dean Karlan,"Global Poverty Research Lab, Northwestern University","Development, Statistics and Econometrics, Bayesian Statistics, Meta-analysis",N/A,Rolling,N/A,N/A,N/A
predoc,Research Associate,https://bit.ly/4dZPAu8,Olivia Kim,"Entrepreneurial Management unit, Harvard Business School",Projects related to how firms and households make financial decisions using detailed microeconomic administrative data and natural experiment-based empirical strategies.,N/A,Rolling,N/A,N/A,N/A
predoc,Pre-Doctoral Research Fellow,https://bit.ly/4e5TKkk,Marcella Alsan,Malcolm Wiener Center for Social Policy at Harvard Kennedy School,"Health economics, Inequality",Economics,Applications will be accepted and reviewed on a rolling basis.,N/A,N/A,N/A
predoc,Stanford GSB Research Fellows Program,https://stanford.io/47lEUTZ,"Rebecca Lester (Accounting), Juan Carlos Suarez Serrato (Economics), Ron Kasznik (Accounting), Maureen McNichols (Accounting), Jinwhan Kim (Accounting), Suzie Noh (Accounting), Rebecca Diamond (Economics), Claudia Allende Santa Cruz (Economics), Susan Athey (Economics), Antonio Coppola (Finance), Matteo Maggiori (Finance), Stefanos Zenios (Operations, Information & Technology), Julien Clement (Organizational Behavior), Andrew Hall (Political Economy)",Stanford Graduate School of Business,"Accounting, Economics, Finance, Operations, Information & Technology, Organizational Behavior, Political Economy","Economics, Finance","October 18th, 2024. Applications submitted after the deadline will be considered on a rolling basis. View the details for all available dedicated projects here.",N/A,N/A,N/A
predoc,Pre-Doctoral Research Fellow-University of Southern California,https://bit.ly/47lDgSj,N/A,N/A,N/A,N/A,Rolling,N/A,N/A,N/A
predoc,GIS Data Science Specialist,https://bit.ly/3APOWR4,Prof. Tamma Carleton,"The Togo Data Lab, a joint initiative by the Togo’s Ministry of Digital Economy and Transformation (MoDET) and the Center for Effective Global Action (CEGA)",N/A,N/A,N/A,N/A,N/A,N/A
predoc,Research Assistants,https://bit.ly/47y04yB,PhD economists,The Board of Governors of the Federal Reserve System,Microeconomic and macroeconomic theory; econometrics and statistics; data visualization; economic policy analysis; finance,Finance,September 4- October 15 (deadline),N/A,N/A,N/A
predoc,Pre-Doctoral Associates,https://bit.ly/3TiTm9C,"Principal Investigators (PIs) at the Development Innovation Lab (DIL), including Professor Michael Kremer",The Development Innovation Lab at the University of Chicago,Development economics,Economics,"Priority deadline for this role is September 12th. Applications will be reviewed on a rolling basis. Current project locations are: Bhubaneshwar, Vijayawada, Delhi, Bangalore.",N/A,N/A,N/A
predoc,Data Scientist,https://bit.ly/4dVNgV4,The Data Science Team,Reddit,"Quantitative or data science, machine learning, consumer-facing service/app operations, data safety etc.",N/A,Rolling,N/A,N/A,N/A
predoc,2024 Research Analyst,https://bit.ly/3XzyvS3,N/A,International Monetary Fund,"Economics, Finance, Statistics, Mathematics, Computer Science, Data Science","Economics, Finance",Rolling,N/A,N/A,N/A
predoc,"Pre-Doctoral Research Fellow, Tech Ethics",https://bit.ly/4cXq8Ej,"Yong Suk Lee , Program Chair in Technology Ethics for the Notre Dame Ethics Initiative and Associate Professor at the Keough School of Global Affairs",University of Notre Dame,N/A,N/A,N/A,N/A,N/A,N/A
predoc,Senior Research Assistant,https://bit.ly/4dQNaxE,N/A,"The Consumer Finance Institute (CFI), The Federal Reserve Bank of Philadelphia",Research spans from urban economics to consumer finance to macroeconomics and monetary policy.,"Economics, Macroeconomics, Finance",Rolling Learn more about the program.,N/A,N/A,N/A
predoc,Research Associate,https://bit.ly/3MveNAy,Economic Research team,Federal Reserve Bank of San Francisco,"Monetary policy, supervision, public information",N/A,We will review applications on a rolling basis and keep the position open until all roles are filled.,N/A,N/A,N/A
predoc,Senior Research Specialists,https://bit.ly/3ASueAf,"Eduardo Morales, Gene Grossman, and Stephen Redding",N/A,N/A,N/A,The first review date is October 1. Apply by October 15 to receive consideration.,N/A,N/A,N/A
predoc,Pre-Doc (Summer 2025),https://bit.ly/3z3B7xS,Bill Evans,"University of Notre Dame, Wilson Sheehan Lab for Economic Opportunities (LEO)","Applied Microeconomics, Economics of Education, Health Economics, Labor Economics, Public Economics","Economics, Microeconomics","Sep 22, 2024 at 11:59 PM Eastern Time",N/A,N/A,N/A
predoc,Research Professional,https://bit.ly/3T5JO1G,"Manasi Deshpande, Magne Mogstad, and Evan Rose","Becker Friedman Institute for Economics (BFI), University of Chicago",Labor economics,Economics,"September 30, 2024",N/A,N/A,N/A
nber,N/A,,N/A,N/A,N/A,N/A,N/A,N/A,N/A,N/A
nber,N/A,,N/A,N/A,N/A,N/A,N/A,N/A,N/A,N/A
nber,N/A,,N/A,N/A,N/A,N/A,N/A,N/A,N/A,N/A
nber,N/A,,N/A,N/A,N/A,N/A,N/A,N/A,N/A,N/A
nber,N/A,,N/A,N/A,N/A,N/A,N/A,N/A,N/A,N/A
nber,N/A,,N/A,N/A,N/A,N/A,N/A,N/A,N/A,N/A
nber,N/A,,N/A,N/A,N/A,N/A,N/A,N/A,N/A,N/A
nber,N/A,,N/A,N/A,N/A,N/A,N/A,N/A,N/A,N/A
nber,N/A,,N/A,N/A,N/A,N/A,N/A,N/A,N/A,N/A
nber,N/A,,N/A,N/A,N/A,N/A,N/A,N/A,N/A,N/A
nber,N/A,,N/A,N/A,N/A,N/A,N/A,N/A,N/A,N/A
nber,N/A,,N/A,N/A,N/A,N/A,N/A,N/A,N/A,N/A
nber,N/A,,N/A,N/A,N/A,N/A,N/A,N/A,N/A,N/A
nber,N/A,,N/A,N/A,N/A,N/A,N/A,N/A,N/A,N/A
nber,N/A,,N/A,N/A,N/A,N/A,N/A,N/A,N/A,N/A
nber,N/A,,N/A,N/A,N/A,N/A,N/A,N/A,N/A,N/A
nber,N/A,,N/A,N/A,N/A,N/A,N/A,N/A,N/A,N/A
nber,N/A,,N/A,N/A,N/A,N/A,N/A,N/A,N/A,N/A
nber,N/A,,N/A,N/A,N/A,N/A,N/A,N/A,N/A,N/A
nber,N/A,,N/A,N/A,N/A,N/A,N/A,N/A,N/A,N/A
nber,N/A,,N/A,N/A,N/A,N/A,N/A,N/A,N/A,N/A
nber,N/A,,N/A,N/A,N/A,N/A,N/A,N/A,N/A,N/A
nber,N/A,,N/A,N/A,N/A,N/A,N/A,N/A,N/A,N/A
nber,N/A,,N/A,N/A,N/A,N/A,N/A,N/A,N/A,N/A
nber,N/A,,N/A,N/A,N/A,N/A,N/A,N/A,N/A,N/A
nber,N/A,,N/A,N/A,N/A,N/A,N/A,N/A,N/A,N/A
nber,N/A,,N/A,N/A,N/A,N/A,N/A,N/A,N/A,N/A
nber,N/A,,N/A,N/A,N/A,N/A,N/A,N/A,N/A,N/A
nber,N/A,,N/A,N/A,N/A,N/A,N/A,N/A,N/A,N/A
nber,N/A,,N/A,N/A,N/A,N/A,N/A,N/A,N/A,N/A
nber,N/A,,N/A,N/A,N/A,N/A,N/A,N/A,N/A,N/A
nber,N/A,,N/A,N/A,N/A,N/A,N/A,N/A,N/A,N/A
nber,N/A,,N/A,N/A,N/A,N/A,N/A,N/A,N/A,N/A
nber,N/A,,N/A,N/A,N/A,N/A,N/A,N/A,N/A,N/A
nber,N/A,,N/A,N/A,N/A,N/A,N/A,N/A,N/A,N/A
nber,N/A,,N/A,N/A,N/A,N/A,N/A,N/A,N/A,N/A
nber,N/A,,N/A,N/A,N/A,N/A,N/A,N/A,N/A,N/A
nber,N/A,,N/A,N/A,N/A,N/A,N/A,N/A,N/A,N/A
nber,N/A,,N/A,N/A,N/A,N/A,N/A,N/A,N/A,N/A
nber,N/A,,N/A,N/A,N/A,N/A,N/A,N/A,N/A,N/A
nber,N/A,,N/A,N/A,N/A,N/A,N/A,N/A,N/A,N/A
nber,N/A,,N/A,N/A,N/A,N/A,N/A,N/A,N/A,N/A
nber,N/A,,N/A,N/A,N/A,N/A,N/A,N/A,N/A,N/A
nber,N/A,,N/A,N/A,N/A,N/A,N/A,N/A,N/A,N/A
nber,N/A,,N/A,N/A,N/A,N/A,N/A,N/A,N/A,N/A
nber,N/A,,N/A,N/A,N/A,N/A,N/A,N/A,N/A,N/A
nber,N/A,,N/A,N/A,N/A,N/A,N/A,N/A,N/A,N/A
nber,N/A,,N/A,N/A,N/A,N/A,N/A,N/A,N/A,N/A
nber,N/A,,N/A,N/A,N/A,N/A,N/A,N/A,N/A,N/A
nber,N/A,,N/A,N/A,N/A,N/A,N/A,N/A,N/A,N/A
nber,N/A,,N/A,N/A,N/A,N/A,N/A,N/A,N/A,N/A
nber,N/A,,N/A,N/A,N/A,N/A,N/A,N/A,N/A,N/A
nber,N/A,,N/A,N/A,N/A,N/A,N/A,N/A,N/A,N/A
nber,N/A,,N/A,N/A,N/A,N/A,N/A,N/A,N/A,N/A
nber,N/A,,N/A,N/A,N/A,N/A,N/A,N/A,N/A,N/A
nber,N/A,,N/A,N/A,N/A,N/A,N/A,N/A,N/A,N/A
nber,N/A,,N/A,N/A,N/A,N/A,N/A,N/A,N/A,N/A
nber,N/A,,N/A,N/A,N/A,N/A,N/A,N/A,N/A,N/A
nber,N/A,,N/A,N/A,N/A,N/A,N/A,N/A,N/A,N/A
nber,N/A,,N/A,N/A,N/A,N/A,N/A,N/A,N/A,N/A
nber,N/A,,N/A,N/A,N/A,N/A,N/A,N/A,N/A,N/A
nber,N/A,,N/A,N/A,N/A,N/A,N/A,N/A,N/A,N/A
nber,N/A,,N/A,N/A,N/A,N/A,N/A,N/A,N/A,N/A
nber,N/A,,N/A,N/A,N/A,N/A,N/A,N/A,N/A,N/A
nber,N/A,,N/A,N/A,N/A,N/A,N/A,N/A,N/A,N/A
nber,N/A,,N/A,N/A,N/A,N/A,N/A,N/A,N/A,N/A
nber,N/A,,N/A,N/A,N/A,N/A,N/A,N/A,N/A,N/A
nber,N/A,,N/A,N/A,N/A,N/A,N/A,N/A,N/A,N/A
nber,N/A,,N/A,N/A,N/A,N/A,N/A,N/A,N/A,N/A
nber,N/A,,N/A,N/A,N/A,N/A,N/A,N/A,N/A,N/A
nber,N/A,,N/A,N/A,N/A,N/A,N/A,N/A,N/A,N/A
nber,N/A,,N/A,N/A,N/A,N/A,N/A,N/A,N/A,N/A
nber,N/A,,N/A,N/A,N/A,N/A,N/A,N/A,N/A,N/A
nber,N/A,,N/A,N/A,N/A,N/A,N/A,N/A,N/A,N/A
nber,N/A,,N/A,N/A,N/A,N/A,N/A,N/A,N/A,N/A
nber,N/A,,N/A,N/A,N/A,N/A,N/A,N/A,N/A,N/A
nber,N/A,,N/A,N/A,N/A,N/A,N/A,N/A,N/A,N/A
nber,N/A,,N/A,N/A,N/A,N/A,N/A,N/A,N/A,N/A
nber,N/A,,N/A,N/A,N/A,N/A,N/A,N/A,N/A,N/A
nber,N/A,,N/A,N/A,N/A,N/A,N/A,N/A,N/A,N/A
nber,N/A,,N/A,N/A,N/A,N/A,N/A,N/A,N/A,N/A
nber,N/A,,N/A,N/A,N/A,N/A,N/A,N/A,N/A,N/A
nber,N/A,,N/A,N/A,N/A,N/A,N/A,N/A,N/A,N/A
nber,N/A,,N/A,N/A,N/A,N/A,N/A,N/A,N/A,N/A
nber,N/A,,N/A,N/A,N/A,N/A,N/A,N/A,N/A,N/A
nber,N/A,,N/A,N/A,N/A,N/A,N/A,N/A,N/A,N/A
nber,N/A,,N/A,N/A,N/A,N/A,N/A,N/A,N/A,N/A
nber,N/A,,N/A,N/A,N/A,N/A,N/A,N/A,N/A,N/A
nber,N/A,,N/A,N/A,N/A,N/A,N/A,N/A,N/A,N/A
nber,N/A,,N/A,N/A,N/A,N/A,N/A,N/A,N/A,N/A
nber,N/A,,N/A,N/A,N/A,N/A,N/A,N/A,N/A,N/A
nber,N/A,,N/A,N/A,N/A,N/A,N/A,N/A,N/A,N/A
nber,N/A,,N/A,N/A,N/A,N/A,N/A,N/A,N/A,N/A
nber,N/A,,N/A,N/A,N/A,N/A,N/A,N/A,N/A,N/A
nber,N/A,,N/A,N/A,N/A,N/A,N/A,N/A,N/A,N/A
nber,N/A,,N/A,N/A,N/A,N/A,N/A,N/A,N/A,N/A
nber,N/A,,N/A,N/A,N/A,N/A,N/A,N/A,N/A,N/A
nber,N/A,,N/A,N/A,N/A,N/A,N/A,N/A,N/A,N/A
nber,N/A,,N/A,N/A,N/A,N/A,N/A,N/A,N/A,N/A
nber,N/A,,N/A,N/A,N/A,N/A,N/A,N/A,N/A,N/A
nber,N/A,,N/A,N/A,N/A,N/A,N/A,N/A,N/A,N/A
nber,N/A,,N/A,N/A,N/A,N/A,N/A,N/A,N/A,N/A
nber,N/A,,N/A,N/A,N/A,N/A,N/A,N/A,N/A,N/A
nber,N/A,,N/A,N/A,N/A,N/A,N/A,N/A,N/A,N/A
nber,N/A,,N/A,N/A,N/A,N/A,N/A,N/A,N/A,N/A
nber,N/A,,N/A,N/A,N/A,N/A,N/A,N/A,N/A,N/A
nber,N/A,,N/A,N/A,N/A,N/A,N/A,N/A,N/A,N/A
nber,N/A,,N/A,N/A,N/A,N/A,N/A,N/A,N/A,N/A
nber,N/A,,N/A,N/A,N/A,N/A,N/A,N/A,N/A,N/A
nber,N/A,,N/A,N/A,N/A,N/A,N/A,N/A,N/A,N/A
nber,N/A,,N/A,N/A,N/A,N/A,N/A,N/A,N/A,N/A
nber,N/A,,N/A,N/A,N/A,N/A,N/A,N/A,N/A,N/A
nber,N/A,,N/A,N/A,N/A,N/A,N/A,N/A,N/A,N/A
nber,N/A,,N/A,N/A,N/A,N/A,N/A,N/A,N/A,N/A
nber,N/A,,N/A,N/A,N/A,N/A,N/A,N/A,N/A,N/A
nber,N/A,,N/A,N/A,N/A,N/A,N/A,N/A,N/A,N/A
nber,N/A,,N/A,N/A,N/A,N/A,N/A,N/A,N/A,N/A
nber,N/A,,N/A,N/A,N/A,N/A,N/A,N/A,N/A,N/A
nber,N/A,,N/A,N/A,N/A,N/A,N/A,N/A,N/A,N/A
nber,N/A,,N/A,N/A,N/A,N/A,N/A,N/A,N/A,N/A
nber,N/A,,N/A,N/A,N/A,N/A,N/A,N/A,N/A,N/A
nber,N/A,,N/A,N/A,N/A,N/A,N/A,N/A,N/A,N/A
nber,N/A,,N/A,N/A,N/A,N/A,N/A,N/A,N/A,N/A
nber,N/A,,N/A,N/A,N/A,N/A,N/A,N/A,N/A,N/A
nber,N/A,,N/A,N/A,N/A,N/A,N/A,N/A,N/A,N/A
nber,N/A,,N/A,N/A,N/A,N/A,N/A,N/A,N/A,N/A
nber,N/A,,N/A,N/A,N/A,N/A,N/A,N/A,N/A,N/A
nber,N/A,,N/A,N/A,N/A,N/A,N/A,N/A,N/A,N/A
nber,N/A,,N/A,N/A,N/A,N/A,N/A,N/A,N/A,N/A
nber,N/A,,N/A,N/A,N/A,N/A,N/A,N/A,N/A,N/A
nber,N/A,,N/A,N/A,N/A,N/A,N/A,N/A,N/A,N/A
nber,N/A,,N/A,N/A,N/A,N/A,N/A,N/A,N/A,N/A
nber,N/A,,N/A,N/A,N/A,N/A,N/A,N/A,N/A,N/A
nber,N/A,,N/A,N/A,N/A,N/A,N/A,N/A,N/A,N/A
nber,N/A,,N/A,N/A,N/A,N/A,N/A,N/A,N/A,N/A
nber,N/A,,N/A,N/A,N/A,N/A,N/A,N/A,N/A,N/A
nber,N/A,,N/A,N/A,N/A,N/A,N/A,N/A,N/A,N/A
nber,N/A,,N/A,N/A,N/A,N/A,N/A,N/A,N/A,N/A
nber,N/A,,N/A,N/A,N/A,N/A,N/A,N/A,N/A,N/A
nber,N/A,,N/A,N/A,N/A,N/A,N/A,N/A,N/A,N/A
nber,N/A,,N/A,N/A,N/A,N/A,N/A,N/A,N/A,N/A
nber,N/A,,N/A,N/A,N/A,N/A,N/A,N/A,N/A,N/A
nber,N/A,,N/A,N/A,N/A,N/A,N/A,N/A,N/A,N/A
nber,N/A,,N/A,N/A,N/A,N/A,N/A,N/A,N/A,N/A
nber,N/A,,N/A,N/A,N/A,N/A,N/A,N/A,N/A,N/A
nber,N/A,,N/A,N/A,N/A,N/A,N/A,N/A,N/A,N/A
nber,N/A,,N/A,N/A,N/A,N/A,N/A,N/A,N/A,N/A
nber,N/A,,N/A,N/A,N/A,N/A,N/A,N/A,N/A,N/A
nber,N/A,,N/A,N/A,N/A,N/A,N/A,N/A,N/A,N/A
ejm,"Faculty of Economics at Plaksha University, India",#ad-11235,N/A,N/A,N/A,Economics,19 Nov 2024 30 Jul 2025 14 Nov 2025,Plaksha University,Various position types Assistant Professor • Associate Professor • Full Professor • Postdoctoral Scholar • Tenured Professor • Visiting Assistant Professor • Visiting Associate Professor • Visiting Professor • Research Assistant Various fields Development; Growth • Econometrics • Environmental; Ag. Econ. • Experimental Economics • Finance • International Finance/Macro • Macroeconomics; Monetary • Behavioral Economics • Any field • Business Economics • Marketing • Operations Research • Statistics • Microeconomic theory • Applied microeconomics,Various position types Assistant Professor • Associate Professor • Full Professor • Postdoctoral Scholar • Tenured Professor • Visiting Assistant Professor • Visiting Associate Professor • Visiting Professor • Research Assistant Various fields Development; Growth • Econometrics • Environmental; Ag. Econ. • Experimental Economics • Finance • International Finance/Macro • Macroeconomics; Monetary • Behavioral Economics • Any field • Business Economics • Marketing • Operations Research • Statistics • Microeconomic theory • Applied microeconomics
ejm,Predoctoral Research Analyst -- Applied Microeconomics,#ad-10962,N/A,N/A,N/A,"Economics, Microeconomics, Public Policy",9 Oct 2024 1 Jul 2025 1 Jul 2025,"Business Economics and Public Policy, Wharton School University of Pennsylvania",Research Assistant (Pre-Doc) Various fields Development; Growth • Environmental; Ag. Econ. • Experimental Economics • Labor; Demographic Economics • Public Economics • Behavioral Economics,Research Assistant (Pre-Doc) Various fields Development; Growth • Environmental; Ag. Econ. • Experimental Economics • Labor; Demographic Economics • Public Economics • Behavioral Economics
ejm,Research Assistant,#ad-11355,N/A,N/A,N/A,Economics,15 Dec 2024 15 Feb 2025 1 Apr 2025 1 Apr 2025,Animal Welfare Economics Working Group,Research Assistant Any field,Research Assistant Any field
ejm,Research Assistant (CAGE),#ad-11474,N/A,N/A,N/A,Economics,13 Feb 2025 17 Mar 2025 17 Mar 2025,Economics University of Warwick,Research Assistant Any field,Research Assistant Any field
ejm,PhD scholarships in Economics and Management on Ports as Energy Transition Hubs,#ad-11423,N/A,N/A,N/A,Economics,22 Jan 2025 17 Mar 2025 17 Mar 2025,Department of Economics Copenhagen Business School,"Doctoral student Business Economics • Management, General","Doctoral student Business Economics • Management, General"
ejm,"1 Research Grant, IGIER Research Center",#ad-11318,N/A,N/A,N/A,Economics,16 Dec 2024 9 Mar 2025 9 Mar 2025,Economics Bocconi University,"Postdoctoral Scholar • Research Assistant Various fields Labor; Demographic Economics • Political Economy • Management, Information Technology","Postdoctoral Scholar • Research Assistant Various fields Labor; Demographic Economics • Political Economy • Management, Information Technology"
ejm,Post-Doctoral Associate in the Division of Social Science [Economics],#ad-11243,N/A,N/A,N/A,Economics,16 Nov 2024 1 Dec 2024 1 Mar 2025 1 Mar 2025,Economics New York University Abu Dhabi,Research Assistant Macroeconomics; Monetary,Research Assistant Macroeconomics; Monetary
ejm,Research Assistant,#ad-11411,N/A,N/A,N/A,N/A,15 Jan 2025 1 Mar 2025 1 Mar 2025,FutureTech Massachusetts Institute of Technology,Research Assistant • Research Assistant (Pre-Doc) Econometrics,Research Assistant • Research Assistant (Pre-Doc) Econometrics
ejm,Research Engineer or Postdoctoral position in Health Economics,#ad-10723,N/A,N/A,N/A,Economics,13 Aug 2024 15 Sep 2024 28 Feb 2025 28 Feb 2025,"Information Systems, Decision Sciences and Statistics Department ESSEC Business School",Postdoctoral Scholar • Other academic • Research Assistant Econometrics • Health; Education; Welfare,Postdoctoral Scholar • Other academic • Research Assistant Econometrics • Health; Education; Welfare
ejm,Several postdoctoral researchers in microeconomic theory,#ad-11107,N/A,N/A,N/A,Economics,5 Nov 2024 28 Feb 2025 28 Feb 2025,Department of Economics University of Bonn,Postdoctoral Scholar • Research Assistant Microeconomic theory,Postdoctoral Scholar • Research Assistant Microeconomic theory
ejm,Predoctoral Research Associate in Economics,#ad-11441,N/A,N/A,N/A,Economics,28 Jan 2025 27 Feb 2025 28 Feb 2025,Department of Economics University of Zurich,Research Assistant (Pre-Doc) Any field,Research Assistant (Pre-Doc) Any field
ejm,PhD Student in Economics - Teaching and Research Associate,#ad-11446,N/A,N/A,N/A,Economics,29 Jan 2025 19 Feb 2025 19 Feb 2025,Economics Vienna University of Economics and Business,Research Assistant (Pre-Doc) Any field,Research Assistant (Pre-Doc) Any field
